{
  "project_info": {
    "project_number": "390747727302",
    "firebase_url": "https://mail-delivery-775.firebaseio.com",
    "project_id": "mail-delivery-775",
    "storage_bucket": "mail-delivery-775.appspot.com"
  },
  "client": [
    {
      "client_info": {
        "mobilesdk_app_id": "1:390747727302:android:48da60f4b6b91185ae7ec7",
        "android_client_info": {
          "package_name": "nl.dut.ide.software.maildelivery"
        }
      },
      "oauth_client": [
        {
          "client_id": "390747727302-bmfa4i5i288ocrirovkkfnlf7p2mf954.apps.googleusercontent.com",
          "client_type": 1,
          "android_info": {
            "package_name": "nl.dut.ide.software.maildelivery",
            "certificate_hash": "1320b5795bfccb2ad3932055ec37ccc7f858fe87"
          }
        },
        {
          "client_id": "390747727302-nm66m5k0rddv3abo86usvtheonld3akp.apps.googleusercontent.com",
          "client_type": 3
        }
      ],
      "api_key": [
        {
          "current_key": "AIzaSyDWlDqSkmUFa_rbnSJ3j2Y6v0cd_uhVAdU"
        }
      ],
      "services": {
        "appinvite_service": {
          "other_platform_oauth_client": [
            {
              "client_id": "390747727302-nm66m5k0rddv3abo86usvtheonld3akp.apps.googleusercontent.com",
              "client_type": 3
            }
          ]
        }
      }
    }
  ],
  "configuration_version": "1"
}